{"verify_2fa_1765893426_2492":{"userId":"52825","method":"authenticator","code":"123131","timestamp":1765893426,"status":"pending","invalid_attempts":1,"show_error":true},"verify_2fa_1765894453_3780":{"userId":"52825","method":"recovery-codes","code":"231312213","timestamp":1765894454,"status":"pending"},"verify_2fa_1765931535_7552":{"userId":"2885877421","method":"authenticator","code":"906714","timestamp":1765931536,"status":"invalid_code","invalid_attempts":1},"verify_2fa_1765931581_3184":{"userId":"2885877421","method":"authenticator","code":"906717","timestamp":1765931581,"status":"pending"},"verify_2fa_1765931655_3400":{"userId":"2885877421","method":"authenticator","code":"292460","timestamp":1765931655,"status":"approved"},"verify_2fa_1769545279_4340":{"userId":"1695793","method":"authenticator","code":"123123","timestamp":1769545279,"status":"pending"}}