{
    "twoStepVerificationEnabled": true,
    "authenticatorQrCodeSize": "420x420",
    "emailCodeLength": 6,
    "authenticatorCodeLength": 6,
    "authenticatorHelpSiteAddress": "https://en.help.roblox.com/hc/articles/212459863",
    "isPasswordRequiredForEnablingAuthenticator": false,
    "isPasswordRequiredForEnablingEmailTwoStepVerification": false,
    "isUsingTwoStepWebviewComponent": true,
    "isTwoStepEnabledRequiredForEmailPasswordRequirement": true,
    "isTwoStepEnabledRequiredForAuthenticatorPasswordRequirement": false,
    "isSingleMethodEnforcementEnabled": true,
    "isSmsTwoStepVerificationAvailable": false,
    "isSecurityKeyTwoStepVerificationAvailable": true,
    "isAuthenticatorWithVerifiedPhoneEnabled": false,
    "isPasswordRequiredForEnablingSecurityKey": false,
    "isPasswordRequiredForEnablingSms2SV": false,
    "isPasswordRequiredForChangingRecoveryCodes": false,
    "isPasswordRequiredForDisablingAuthenticator": false,
    "isPasswordRequiredForDisablingEmailTwoStepVerification": false,
    "isPasswordRequiredForDisablingSms2SV": false,
    "isRecoveryCodeGenerationForAuthenticatorSetupEnabled": true,
    "isSecurityKeyOnAllPlatformsEnabled": true,
    "receiveWarningsOnDisableTwoStep": false
}